"id","t","x","y","label"
"1","220006000-3",2021-11-16 05:38:48,617528.754860201,6088916.70416657,"01-sailing"
"2","220006000-3",2021-11-16 05:39:17,617561.515215264,6088840.85329922,"01-sailing"
"3","220006000-3",2021-11-16 05:39:47,617672.314247199,6088808.35527932,"01-sailing"
"4","220006000-3",2021-11-16 05:40:17,617787.779823911,6088778.87723221,"01-sailing"
"5","220006000-3",2021-11-16 05:40:47,617905.69435974,6088763.60606472,"01-sailing"
"6","220006000-3",2021-11-16 05:41:17,618034.738595042,6088756.64707789,"01-sailing"
"7","220006000-3",2021-11-16 05:41:49,618165.436479761,6088755.07946612,"01-sailing"
"8","220006000-3",2021-11-16 05:42:17,618291.061547806,6088768.41212606,"01-sailing"
"9","220006000-3",2021-11-16 05:42:47,618422.00401852,6088779.43938124,"01-sailing"
"10","220006000-3",2021-11-16 05:43:18,618557.897653726,6088797.17020998,"01-sailing"
"11","220006000-3",2021-11-16 05:43:47,618685.942045067,6088815.92211137,"01-sailing"
"12","220006000-3",2021-11-16 05:44:17,618819.267501229,6088836.15368737,"01-sailing"
"13","220006000-3",2021-11-16 05:44:47,618949.703973065,6088854.08590172,"01-sailing"
"14","220006000-3",2021-11-16 05:45:17,619090.373051048,6088870.51234259,"01-sailing"
"15","220006000-3",2021-11-16 05:45:46,619221.699849437,6088879.01258757,"01-sailing"
"16","220006000-3",2021-11-16 05:46:16,619356.235431065,6088887.37943893,"01-sailing"
"17","220006000-3",2021-11-16 05:46:47,619491.893543329,6088892.10614443,"01-sailing"
"18","220006000-3",2021-11-16 05:47:17,619627.597302176,6088892.71871264,"01-sailing"
"19","220006000-3",2021-11-16 05:47:46,619762.48155705,6088890.41873119,"01-sailing"
"20","220006000-3",2021-11-16 05:48:17,619897.978391444,6088886.80313181,"01-sailing"
"21","220006000-3",2021-11-16 05:48:47,620038.916581396,6088881.1105432,"01-sailing"
"22","220006000-3",2021-11-16 05:49:16,620169.237054325,6088872.13166895,"01-sailing"
"23","220006000-3",2021-11-16 05:49:47,620306.343316689,6088858.77378831,"01-sailing"
"24","220006000-3",2021-11-16 05:50:18,620443.063181491,6088845.52102061,"01-sailing"
"25","220006000-3",2021-11-16 05:50:47,620565.913040362,6088833.12411859,"01-sailing"
"26","220006000-3",2021-11-16 05:51:17,620694.217072954,6088818.20525374,"01-sailing"
"27","220006000-3",2021-11-16 05:51:48,620825.98274927,6088805.72140262,"01-sailing"
"28","220006000-3",2021-11-16 05:52:17,620952.743178216,6088793.4403817,"01-sailing"
"29","220006000-3",2021-11-16 05:52:47,621073.302132414,6088773.42444723,"01-sailing"
"30","220006000-3",2021-11-16 05:53:18,621132.734112941,6088699.87624069,"01-sailing"
"31","220006000-3",2021-11-16 05:53:47,621120.680032339,6088616.82622532,"01-sailing"
"32","220006000-3",2021-11-16 05:54:17,621085.294048624,6088538.26774504,"01-sailing"
"33","220006000-3",2021-11-16 05:54:47,621052.609721917,6088459.33718121,"01-sailing"
"34","220006000-3",2021-11-16 05:55:16,621027.470621789,6088383.50533399,"01-sailing"
"35","220006000-3",2021-11-16 05:55:48,620999.913744735,6088299.81476392,"01-sailing"
"36","220006000-3",2021-11-16 05:56:16,620975.945077819,6088225.6849491,"01-sailing"
"37","220006000-3",2021-11-16 05:56:46,620950.859073438,6088145.401575,"01-sailing"
"38","220006000-3",2021-11-16 05:57:17,620925.549013906,6088071.01326302,"01-sailing"
"39","220006000-3",2021-11-16 05:57:46,620898.843678913,6088029.3208975,"01-sailing"
"40","220006000-3",2021-11-16 05:58:16,620862.8246588,6087947.74140293,"01-sailing"
"41","220006000-3",2021-11-16 05:58:46,620830.902299931,6087866.38396186,"01-sailing"
"42","220006000-3",2021-11-16 05:59:15,620798.580387578,6087787.91082895,"01-sailing"
"43","220006000-3",2021-11-16 06:01:16,620657.337461058,6087469.80277613,"01-sailing"
"44","220006000-3",2021-11-16 06:02:47,620558.427325605,6087224.76157856,"01-sailing"
"45","220006000-3",2021-11-16 06:03:17,620526.074439932,6087147.06939897,"01-sailing"
"46","220006000-3",2021-11-16 06:03:46,620492.866263908,6087070.1338983,"01-sailing"
"47","220006000-3",2021-11-16 06:04:18,620457.374008075,6086982.67166038,"01-sailing"
"48","220006000-3",2021-11-16 06:04:45,620429.491690675,6086910.33323186,"01-sailing"
"49","220006000-3",2021-11-16 06:05:16,620386.342365839,6086833.24319988,"01-sailing"
"50","220006000-3",2021-11-16 06:05:46,620367.131661197,6086755.57107592,"01-sailing"
"51","220006000-3",2021-11-16 06:06:17,620338.358100685,6086673.30043731,"01-sailing"
"52","220006000-3",2021-11-16 06:06:46,620290.577723702,6086601.32015717,"01-sailing"
"53","220006000-3",2021-11-16 06:07:15,620249.193630376,6086529.95720996,"01-sailing"
"54","220006000-3",2021-11-16 06:07:45,620212.470942573,6086452.15069622,"01-sailing"
"55","220006000-3",2021-11-16 06:08:17,620175.43824241,6086369.10340387,"01-sailing"
"56","220006000-3",2021-11-16 06:08:46,620140.929663274,6086297.14641394,"01-sailing"
"57","220006000-3",2021-11-16 06:09:19,620101.529593816,6086206.57690897,"01-sailing"
"58","220006000-3",2021-11-16 06:09:45,620072.974317238,6086139.79004191,"01-sailing"
"59","220006000-3",2021-11-16 06:10:18,620044.737527617,6086080.2488079,"01-sailing"
"60","220006000-3",2021-11-16 06:10:45,620020.165841824,6086020.36045453,"01-sailing"
"61","220006000-3",2021-11-16 06:11:15,619990.633597071,6085939.63101297,"01-sailing"
"62","220006000-3",2021-11-16 06:11:46,619962.625228742,6085857.04982674,"01-sailing"
"63","220006000-3",2021-11-16 06:12:15,619931.215003005,6085774.48930219,"01-sailing"
"64","220006000-3",2021-11-16 06:12:47,619897.217907408,6085687.85183562,"01-sailing"
"65","220006000-3",2021-11-16 06:13:15,619867.823188639,6085613.80728694,"01-sailing"
"66","220006000-3",2021-11-16 06:13:45,619834.621787073,6085533.31516953,"01-sailing"
"67","220006000-3",2021-11-16 06:14:15,619800.684170787,6085453.91707113,"01-sailing"
"68","220006000-3",2021-11-16 06:14:47,619763.313968448,6085370.86494086,"01-sailing"
"69","220006000-3",2021-11-16 06:15:15,619729.968004356,6085298.05212539,"01-sailing"
"70","220006000-3",2021-11-16 06:15:45,619701.685428403,6085220.58716146,"01-sailing"
"71","220006000-3",2021-11-16 06:16:15,619671.174767809,6085137.6075534,"01-sailing"
"72","220006000-3",2021-11-16 06:16:46,619641.523118332,6085053.64907591,"01-sailing"
"73","220006000-3",2021-11-16 06:17:16,619612.759832967,6084974.83598134,"01-sailing"
"74","220006000-3",2021-11-16 06:17:47,619582.658056668,6084888.41661504,"01-sailing"
"75","220006000-3",2021-11-16 06:18:15,619557.527592203,6084815.26754304,"01-sailing"
"76","220006000-3",2021-11-16 06:18:46,619527.978837825,6084732.09212174,"01-sailing"
"77","220006000-3",2021-11-16 06:19:17,619497.772843488,6084649.45613765,"01-sailing"
"78","220006000-3",2021-11-16 06:20:15,619441.861943582,6084495.77227097,"01-sailing"
"79","220006000-3",2021-11-16 06:20:46,619410.542588496,6084411.43737947,"01-sailing"
"80","220006000-3",2021-11-16 06:21:15,619385.103282778,6084337.61332044,"01-sailing"
"81","220006000-3",2021-11-16 06:21:44,619356.266022746,6084258.80035716,"01-sailing"
"82","220006000-3",2021-11-16 06:22:15,619326.725178993,6084179.857598,"01-sailing"
"83","220006000-3",2021-11-16 06:22:46,619294.102786866,6084098.49517565,"01-sailing"
"84","220006000-3",2021-11-16 06:23:15,619263.838516876,6084022.53978137,"01-sailing"
"85","220006000-3",2021-11-16 06:23:44,619232.049532592,6083943.53810061,"01-sailing"
"86","220006000-3",2021-11-16 06:24:15,619200.385495327,6083862.20196964,"01-sailing"
"87","220006000-3",2021-11-16 06:24:45,619169.03929299,6083785.77331283,"01-sailing"
"88","220006000-3",2021-11-16 06:25:15,619136.474112819,6083706.86321267,"01-sailing"
"89","220006000-3",2021-11-16 06:25:46,619101.269915357,6083625.76805188,"01-sailing"
"90","220006000-3",2021-11-16 06:26:14,619069.287587197,6083548.98937937,"01-sailing"
"91","220006000-3",2021-11-16 06:26:47,619034.562921579,6083464.23350659,"01-sailing"
"92","220006000-3",2021-11-16 06:27:14,619005.312694214,6083388.4184846,"01-sailing"
"93","220006000-3",2021-11-16 06:27:44,618971.508569653,6083307.58433844,"01-sailing"
"94","220006000-3",2021-11-16 06:28:15,618935.997743502,6083225.70330084,"01-sailing"
"95","220006000-3",2021-11-16 06:28:44,618903.15483264,6083149.68264706,"01-sailing"
"96","220006000-3",2021-11-16 06:29:14,618868.188613938,6083071.37940172,"01-sailing"
"97","220006000-3",2021-11-16 06:29:46,618832.563748295,6082986.3789642,"01-sailing"
"98","220006000-3",2021-11-16 06:30:14,618799.908401389,6082915.26293267,"01-sailing"
"99","220006000-3",2021-11-16 06:30:45,618764.253258851,6082836.16310791,"01-sailing"
"100","220006000-3",2021-11-16 06:31:14,618731.960998963,6082760.9378817,"01-sailing"
"101","220006000-3",2021-11-16 06:31:44,618697.204868934,6082679.30176186,"01-sailing"
"102","220006000-3",2021-11-16 06:32:14,618663.624685564,6082601.7050805,"01-sailing"
"103","220006000-3",2021-11-16 06:32:44,618629.334624498,6082524.20129791,"01-sailing"
"104","220006000-3",2021-11-16 06:33:44,618563.270037804,6082371.04241619,"01-sailing"
"105","220006000-3",2021-11-16 06:34:16,618528.723372853,6082288.52274188,"01-sailing"
"106","220006000-3",2021-11-16 06:34:44,618497.56877327,6082213.66359058,"01-sailing"
"107","220006000-3",2021-11-16 06:35:14,618465.482555507,6082140.00482476,"01-sailing"
"108","220006000-3",2021-11-16 06:35:43,618433.643412211,6082064.23749563,"01-sailing"
"109","220006000-3",2021-11-16 06:36:14,618399.759040934,6081985.63319877,"01-sailing"
"110","220006000-3",2021-11-16 06:36:46,618365.109302655,6081906.78638704,"01-sailing"
"111","220006000-3",2021-11-16 06:37:14,618331.694412295,6081832.20311704,"01-sailing"
"112","220006000-3",2021-11-16 06:37:44,618298.287389926,6081754.83699914,"01-sailing"
"113","220006000-3",2021-11-16 06:38:13,618264.922574443,6081680.70098699,"01-sailing"
"114","220006000-3",2021-11-16 06:38:43,618227.633784864,6081604.34670419,"01-sailing"
"115","220006000-3",2021-11-16 06:39:14,618188.124264874,6081524.48303727,"01-sailing"
"116","220006000-3",2021-11-16 06:39:43,618151.133108041,6081448.91667515,"01-sailing"
"117","220006000-3",2021-11-16 06:40:13,618075.423794001,6081395.15688044,"01-sailing"
"118","220006000-3",2021-11-16 06:40:44,617961.109522482,6081378.46131996,"01-sailing"
"119","220006000-3",2021-11-16 06:41:14,617847.73374721,6081362.68397234,"01-sailing"
"120","220006000-3",2021-11-16 06:41:44,617737.13111507,6081341.52680251,"01-sailing"
"121","220006000-3",2021-11-16 06:42:15,617624.724545875,6081313.19984104,"01-sailing"
"122","220006000-3",2021-11-16 06:42:43,617523.47119302,6081288.0620052,"01-sailing"
"123","220006000-3",2021-11-16 06:43:13,617429.078981617,6081248.52106647,"01-sailing"
"124","220006000-3",2021-11-16 06:43:45,617329.794321807,6081216.75912801,"01-sailing"
"125","220006000-3",2021-11-16 06:44:14,617288.753129132,6081150.55816434,"01-sailing"
"126","220006000-3",2021-11-16 06:44:43,617240.97707641,6081076.61132219,"01-sailing"
"127","220006000-3",2021-11-16 06:45:14,617226.140766044,6080992.9472639,"01-sailing"
"128","220006000-3",2021-11-16 06:45:44,617218.033400721,6080907.34340795,"01-sailing"
"129","220006000-3",2021-11-16 06:46:13,617212.238963305,6080821.68856086,"01-sailing"
"130","220006000-3",2021-11-16 06:46:43,617213.94420912,6080734.11394025,"01-sailing"
"131","220006000-3",2021-11-16 06:47:13,617218.283749149,6080646.49667872,"01-sailing"
"132","220006000-3",2021-11-16 06:48:13,617218.450487852,6080475.04824432,"01-sailing"
"133","220006000-3",2021-11-16 06:48:44,617211.391186655,6080386.13185327,"01-sailing"
"134","220006000-3",2021-11-16 06:49:13,617203.932645608,6080302.66040376,"01-sailing"
"135","220006000-3",2021-11-16 06:49:45,617197.135116169,6080213.52824034,"01-sailing"
"136","220006000-3",2021-11-16 06:50:13,617191.62467732,6080129.21696805,"01-sailing"
"137","220006000-3",2021-11-16 06:50:43,617184.762634567,6080042.53251072,"01-sailing"
"138","220006000-3",2021-11-16 06:51:13,617177.807037458,6079956.95897745,"01-sailing"
"139","220006000-3",2021-11-16 06:51:43,617172.464997055,6079873.5428422,"01-sailing"
"140","220006000-3",2021-11-16 06:52:13,617163.8127224,6079784.0285217,"01-sailing"
"141","220006000-3",2021-11-16 06:52:44,617154.848576066,6079699.07076344,"01-sailing"
"142","220006000-3",2021-11-16 06:53:13,617146.501632802,6079624.92839937,"01-sailing"
"143","220006000-3",2021-11-16 06:53:44,617138.259785826,6079568.93603932,"01-sailing"
"144","220006000-3",2021-11-16 06:54:13,617097.450776565,6079490.60848734,"01-sailing"
"145","220006000-3",2021-11-16 06:54:43,617049.794643172,6079413.66183263,"01-sailing"
"146","220006000-3",2021-11-16 06:55:13,617020.202049326,6079331.2850483,"01-sailing"
"147","220006000-3",2021-11-16 06:55:43,616993.41813462,6079247.0889123,"01-sailing"
"148","220006000-3",2021-11-16 06:56:13,616971.023700128,6079169.46441311,"01-sailing"
"149","220006000-3",2021-11-16 06:56:42,616952.566273025,6079083.70382383,"01-sailing"
"150","220006000-3",2021-11-16 06:57:12,616930.430427283,6078996.0664139,"01-sailing"
"151","220006000-3",2021-11-16 06:57:43,616897.209675243,6078909.69974972,"01-sailing"
"152","220006000-3",2021-11-16 06:58:13,616867.940748139,6078829.44799786,"01-sailing"
"153","220006000-3",2021-11-16 06:58:42,616837.170142614,6078747.59883565,"01-sailing"
"154","220006000-3",2021-11-16 06:59:12,616806.862241129,6078665.20529072,"01-sailing"
"155","220006000-3",2021-11-16 06:59:43,616774.360630178,6078580.6397535,"01-sailing"
"156","220006000-3",2021-11-16 07:00:13,616743.31218717,6078499.45218049,"01-sailing"
"157","220006000-3",2021-11-16 07:00:44,616708.760397432,6078419.50998434,"01-sailing"
"158","220006000-3",2021-11-16 07:01:14,616675.056510525,6078339.03343865,"01-sailing"
"159","220006000-3",2021-11-16 07:01:44,616643.423534431,6078257.942896,"01-sailing"
"160","220006000-3",2021-11-16 07:02:13,616610.415620002,6078180.26828822,"01-sailing"
"161","220006000-3",2021-11-16 07:02:42,616575.992897234,6078100.10802085,"01-sailing"
"162","220006000-3",2021-11-16 07:03:12,616544.096452628,6078019.12284882,"01-sailing"
"163","220006000-3",2021-11-16 07:03:42,616514.069796833,6077937.85237521,"01-sailing"
"164","220006000-3",2021-11-16 07:04:12,616482.046221629,6077859.20242755,"01-sailing"
"165","220006000-3",2021-11-16 07:04:42,616454.049289479,6077778.8756514,"01-sailing"
"166","220006000-3",2021-11-16 07:05:12,616428.509031083,6077697.94466493,"01-sailing"
"167","220006000-3",2021-11-16 07:05:46,616400.16123566,6077606.2534181,"01-sailing"
"168","220006000-3",2021-11-16 07:06:12,616375.806479339,6077531.58805958,"01-sailing"
"169","220006000-3",2021-11-16 07:06:43,616347.39786678,6077447.13223053,"01-sailing"
"170","220006000-3",2021-11-16 07:07:12,616322.215816439,6077367.10195071,"01-sailing"
"171","220006000-3",2021-11-16 07:07:45,616294.226734953,6077278.76080036,"01-sailing"
"172","220006000-3",2021-11-16 07:08:12,616271.995347799,6077201.36775692,"01-sailing"
"173","220006000-3",2021-11-16 07:08:42,616250.666070153,6077118.87691707,"01-sailing"
"174","220006000-3",2021-11-16 07:09:12,616227.898782903,6077034.79045005,"01-sailing"
"175","220006000-3",2021-11-16 07:09:42,616204.495001494,6076952.91433812,"01-sailing"
"176","220006000-3",2021-11-16 07:10:12,616181.468883113,6076868.82151347,"01-sailing"
"177","220006000-3",2021-11-16 07:11:12,616135.561250689,6076697.41147808,"01-sailing"
"178","220006000-3",2021-11-16 07:11:42,616112.528267815,6076610.98101056,"01-sailing"
"179","220006000-3",2021-11-16 07:12:13,616085.984660296,6076518.55963537,"01-sailing"
"180","220006000-3",2021-11-16 07:12:43,616070.536958487,6076434.55168873,"01-sailing"
"181","220006000-3",2021-11-16 07:13:11,616061.287412606,6076349.47895904,"01-sailing"
"182","220006000-3",2021-11-16 07:13:42,616048.521767086,6076258.63776452,"01-sailing"
"183","220006000-3",2021-11-16 07:14:12,616037.614031081,6076170.51646433,"01-sailing"
"184","220006000-3",2021-11-16 07:14:43,616024.110103278,6076083.33030116,"01-sailing"
"185","220006000-3",2021-11-16 07:15:13,616009.093946148,6075992.43132986,"01-sailing"
"186","220006000-3",2021-11-16 07:15:41,615996.230733306,6075910.27171639,"01-sailing"
"187","220006000-3",2021-11-16 07:16:15,615981.19691704,6075810.0206591,"01-sailing"
"188","220006000-3",2021-11-16 07:16:42,615969.104700041,6075730.33032406,"01-sailing"
"189","220006000-3",2021-11-16 07:17:13,615954.248687916,6075638.09983208,"01-sailing"
"190","220006000-3",2021-11-16 07:17:43,615942.238789516,6075550.17326864,"01-sailing"
"191","220006000-3",2021-11-16 07:18:11,615929.501095016,6075468.01723429,"01-sailing"
"192","220006000-3",2021-11-16 07:18:42,615915.458357264,6075376.58722502,"01-sailing"
"193","220006000-3",2021-11-16 07:19:13,615901.490642154,6075284.71390337,"01-sailing"
"194","220006000-3",2021-11-16 07:19:41,615888.347138043,6075200.76634638,"01-sailing"
"195","220006000-3",2021-11-16 07:21:12,615829.503608357,6074933.50655484,"01-sailing"
"196","220006000-3",2021-11-16 07:21:41,615791.378520845,6074853.1476833,"01-sailing"
"197","220006000-3",2021-11-16 07:22:42,615719.968398224,6074684.09431265,"01-sailing"
"198","220006000-3",2021-11-16 07:23:12,615685.413706219,6074602.26961646,"01-sailing"
"199","220006000-3",2021-11-16 07:23:41,615649.32521887,6074517.51128186,"01-sailing"
"200","220006000-3",2021-11-16 07:24:11,615612.089847916,6074432.27854784,"01-sailing"
"201","220006000-3",2021-11-16 07:24:42,615576.641150886,6074347.53734202,"01-sailing"
"202","220006000-3",2021-11-16 07:25:13,615538.869864449,6074255.50045531,"01-sailing"
"203","220006000-3",2021-11-16 07:25:41,615504.565253202,6074173.68386892,"01-sailing"
"204","220006000-3",2021-11-16 07:26:11,615472.111630581,6074087.35050572,"01-sailing"
"205","220006000-3",2021-11-16 07:26:42,615435.181435832,6073997.45151832,"01-sailing"
"206","220006000-3",2021-11-16 07:27:11,615403.383361138,6073930.61831563,"01-sailing"
"207","220006000-3",2021-11-16 07:27:41,615322.214974492,6073917.96388285,"01-sailing"
"208","220006000-3",2021-11-16 07:28:12,615184.664234241,6073934.48499025,"01-sailing"
"209","220006000-3",2021-11-16 07:28:43,615046.407281401,6073958.56263875,"01-sailing"
"210","220006000-3",2021-11-16 07:29:12,614923.734553274,6073961.77797971,"01-sailing"
"211","220006000-3",2021-11-16 07:29:44,614782.656313211,6073957.84798943,"01-sailing"
"212","220006000-3",2021-11-16 07:30:12,614666.254192301,6073947.20257453,"01-sailing"
"213","220006000-3",2021-11-16 07:31:11,614431.294321235,6073904.37956434,"01-sailing"
"214","220006000-3",2021-11-16 07:31:43,614296.132354252,6073882.69116396,"01-sailing"
"215","220006000-3",2021-11-16 07:32:44,614049.391445939,6073873.09944032,"01-sailing"
"216","220006000-3",2021-11-16 07:33:11,613953.678094074,6073878.47092364,"02-fishing"
"217","220006000-3",2021-11-16 07:33:41,613934.737527255,6073833.9058498,"02-fishing"
"218","220006000-3",2021-11-16 07:34:10,613942.849021007,6073792.91937335,"02-fishing"
"219","220006000-3",2021-11-16 07:34:43,613936.571794777,6073743.55341999,"02-fishing"
"220","220006000-3",2021-11-16 07:35:10,613928.756057181,6073701.60760106,"02-fishing"
"221","220006000-3",2021-11-16 07:35:41,613918.598333187,6073658.15532822,"02-fishing"
"222","220006000-3",2021-11-16 07:36:40,613902.25042497,6073574.57968813,"02-fishing"
"223","220006000-3",2021-11-16 07:37:11,613891.677884979,6073534.79086157,"02-fishing"
"224","220006000-3",2021-11-16 07:37:41,613882.275905235,6073497.03556209,"02-fishing"
"225","220006000-3",2021-11-16 07:38:12,613875.982218141,6073455.90764866,"02-fishing"
"226","220006000-3",2021-11-16 07:38:41,613868.829841225,6073418.20923702,"02-fishing"
"227","220006000-3",2021-11-16 07:39:10,613859.346218149,6073381.11991697,"02-fishing"
"228","220006000-3",2021-11-16 07:39:40,613853.297992628,6073340.44357222,"02-fishing"
"229","220006000-3",2021-11-16 07:40:10,613845.860997848,6073296.16965253,"02-fishing"
"230","220006000-3",2021-11-16 07:40:41,613834.804124557,6073252.58362208,"02-fishing"
"231","220006000-3",2021-11-16 07:41:10,613821.054380215,6073216.27729532,"02-fishing"
"232","220006000-3",2021-11-16 07:41:40,613809.666502419,6073178.13807875,"02-fishing"
"233","220006000-3",2021-11-16 07:42:11,613797.398045274,6073139.19736917,"02-fishing"
"234","220006000-3",2021-11-16 07:42:41,613784.655931672,6073108.81702593,"02-fishing"
"235","220006000-3",2021-11-16 07:43:10,613773.600707977,6073065.11991229,"02-fishing"
"236","220006000-3",2021-11-16 07:43:44,613760.294222394,6073029.04766767,"02-fishing"
"237","220006000-3",2021-11-16 07:44:10,613754.6189457,6072988.82625683,"02-fishing"
"238","220006000-3",2021-11-16 07:44:40,613743.426062628,6072945.45975867,"02-fishing"
"239","220006000-3",2021-11-16 07:45:10,613742.935897822,6072903.69930012,"02-fishing"
"240","220006000-3",2021-11-16 07:45:41,613734.275015656,6072861.95533099,"02-fishing"
"241","220006000-3",2021-11-16 07:46:40,613720.441629829,6072775.32695612,"02-fishing"
"242","220006000-3",2021-11-16 07:47:10,613714.550462682,6072733.43026935,"02-fishing"
"243","220006000-3",2021-11-16 07:47:40,613702.607328423,6072689.15437852,"02-fishing"
"244","220006000-3",2021-11-16 07:48:10,613700.103574344,6072650.68301397,"02-fishing"
"245","220006000-3",2021-11-16 07:49:10,613691.808603209,6072571.4308276,"02-fishing"
"246","220006000-3",2021-11-16 07:49:41,613685.419717188,6072523.73259941,"02-fishing"
"247","220006000-3",2021-11-16 07:50:10,613678.535006813,6072485.48477436,"02-fishing"
"248","220006000-3",2021-11-16 07:50:40,613666.084524869,6072443.4228051,"02-fishing"
"249","220006000-3",2021-11-16 07:51:10,613660.818815267,6072397.0888946,"02-fishing"
"250","220006000-3",2021-11-16 07:52:40,613619.315607087,6072282.37681648,"02-fishing"
"251","220006000-3",2021-11-16 07:53:14,613613.132461141,6072231.56675956,"02-fishing"
"252","220006000-3",2021-11-16 07:53:40,613597.917674356,6072199.56623262,"02-fishing"
"253","220006000-3",2021-11-16 07:54:40,613590.923286532,6072106.876479,"02-fishing"
"254","220006000-3",2021-11-16 07:56:10,613581.10925173,6071985.61578566,"02-fishing"
"255","220006000-3",2021-11-16 07:56:43,613577.337520849,6071941.21226972,"02-fishing"
"256","220006000-3",2021-11-16 07:57:10,613572.050228708,6071898.21785158,"02-fishing"
"257","220006000-3",2021-11-16 07:58:40,613547.525572073,6071770.7977724,"02-fishing"
"258","220006000-3",2021-11-16 07:59:10,613534.020274283,6071727.03986014,"02-fishing"
"259","220006000-3",2021-11-16 07:59:42,613526.400618115,6071676.9731617,"02-fishing"
"260","220006000-3",2021-11-16 08:00:09,613506.527541929,6071648.41828227,"02-fishing"
"261","220006000-3",2021-11-16 08:00:40,613500.103886473,6071604.50478279,"02-fishing"
"262","220006000-3",2021-11-16 08:01:10,613489.935897038,6071566.17478085,"02-fishing"
"263","220006000-3",2021-11-16 08:02:12,613484.969936343,6071484.78055983,"02-fishing"
"264","220006000-3",2021-11-16 08:02:40,613466.773535333,6071450.92437021,"02-fishing"
"265","220006000-3",2021-11-16 08:03:09,613455.100394692,6071416.11909624,"02-fishing"
"266","220006000-3",2021-11-16 08:03:40,613437.697608732,6071381.3923908,"02-fishing"
"267","220006000-3",2021-11-16 08:04:11,613434.10813807,6071337.32767956,"02-fishing"
"268","220006000-3",2021-11-16 08:04:39,613416.299265951,6071311.05176456,"02-fishing"
"269","220006000-3",2021-11-16 08:05:09,613402.052763553,6071273.62141465,"02-fishing"
"270","220006000-3",2021-11-16 08:05:39,613395.473552523,6071228.14565252,"02-fishing"
"271","220006000-3",2021-11-16 08:06:09,613381.360815097,6071187.93556334,"02-fishing"
"272","220006000-3",2021-11-16 08:06:39,613387.23617865,6071148.78463744,"02-fishing"
"273","220006000-3",2021-11-16 08:07:10,613375.706936435,6071108.19422379,"02-fishing"
"274","220006000-3",2021-11-16 08:07:40,613380.273598086,6071067.34048163,"02-fishing"
"275","220006000-3",2021-11-16 08:08:39,613391.31709116,6070983.89979126,"02-fishing"
"276","220006000-3",2021-11-16 08:09:09,613392.430292134,6070942.17994918,"02-fishing"
"277","220006000-3",2021-11-16 08:09:39,613396.491050177,6070893.29792232,"02-fishing"
"278","220006000-3",2021-11-16 08:10:09,613364.90152501,6070864.67197982,"02-fishing"
"279","220006000-3",2021-11-16 08:10:40,613341.8807805,6070909.96037324,"02-fishing"
"280","220006000-3",2021-11-16 08:11:11,613352.334438626,6070988.26365013,"02-fishing"
"281","220006000-3",2021-11-16 08:11:41,613370.460977693,6071078.7832106,"02-fishing"
"282","220006000-3",2021-11-16 08:12:09,613387.750588658,6071166.72130957,"02-fishing"
"283","220006000-3",2021-11-16 08:12:38,613403.971128729,6071263.87282255,"02-fishing"
"284","220006000-3",2021-11-16 08:13:08,613429.653281792,6071360.92841989,"02-fishing"
"285","220006000-3",2021-11-16 08:13:38,613460.660892549,6071458.5635143,"02-fishing"
"286","220006000-3",2021-11-16 08:14:09,613490.330607301,6071553.04804051,"02-fishing"
"287","220006000-3",2021-11-16 08:14:40,613518.927786357,6071654.29681857,"02-fishing"
"288","220006000-3",2021-11-16 08:15:38,613571.315841283,6071631.01249115,"02-fishing"
"289","220006000-3",2021-11-16 08:16:08,613540.500161251,6071515.68018819,"02-fishing"
"290","220006000-3",2021-11-16 08:16:39,613522.083875666,6071401.10559673,"02-fishing"
"291","220006000-3",2021-11-16 08:17:09,613509.437870957,6071289.90486928,"02-fishing"
"292","220006000-3",2021-11-16 08:17:38,613496.410617437,6071183.59304542,"02-fishing"
"293","220006000-3",2021-11-16 08:18:08,613482.876522081,6071074.3740298,"02-fishing"
"294","220006000-3",2021-11-16 08:18:39,613466.654317833,6070959.40976672,"02-fishing"
"295","220006000-3",2021-11-16 08:19:09,613449.924770141,6070854.34100877,"02-fishing"
"296","220006000-3",2021-11-16 08:19:39,613430.414485894,6070747.19853748,"02-fishing"
"297","220006000-3",2021-11-16 08:20:08,613414.225549968,6070643.59086264,"02-fishing"
"298","220006000-3",2021-11-16 08:21:07,613380.748611105,6070426.21740605,"02-fishing"
"299","220006000-3",2021-11-16 08:21:38,613363.754159937,6070316.13282144,"02-fishing"
"300","220006000-3",2021-11-16 08:22:08,613345.592353205,6070203.79247712,"02-fishing"
"301","220006000-3",2021-11-16 08:22:38,613326.293862951,6070090.53309096,"02-fishing"
"302","220006000-3",2021-11-16 08:23:37,613279.940056599,6069872.83749554,"02-fishing"
"303","220006000-3",2021-11-16 08:24:07,613252.00053918,6069767.71121732,"02-fishing"
"304","220006000-3",2021-11-16 08:24:39,613232.643248669,6069638.6425427,"02-fishing"
"305","220006000-3",2021-11-16 08:25:07,613209.399697213,6069520.72055939,"02-fishing"
"306","220006000-3",2021-11-16 08:25:37,613178.65210945,6069404.16913724,"02-fishing"
"307","220006000-3",2021-11-16 08:26:08,613149.012762974,6069279.29626795,"02-fishing"
"308","220006000-3",2021-11-16 08:26:37,613122.223073014,6069163.9578983,"02-fishing"
"309","220006000-3",2021-11-16 08:28:07,613296.04654414,6069192.81015876,"02-fishing"
"310","220006000-3",2021-11-16 08:31:36,614158.714962948,6069621.45287391,"02-fishing"
"311","220006000-3",2021-11-16 08:32:07,614283.92402719,6069692.97771977,"02-fishing"
"312","220006000-3",2021-11-16 08:33:07,614521.144179975,6069825.46109205,"02-fishing"
"313","220006000-3",2021-11-16 08:34:06,614762.063689187,6069953.70975523,"02-fishing"
"314","220006000-3",2021-11-16 08:35:06,615004.374630551,6070079.89203408,"02-fishing"
"315","220006000-3",2021-11-16 08:36:37,615374.126747154,6070274.1387442,"02-fishing"
"316","220006000-3",2021-11-16 08:37:36,615543.199004253,6070275.34848457,"02-fishing"
"317","220006000-3",2021-11-16 08:38:06,615537.467132032,6070265.40470004,"02-fishing"
"318","220006000-3",2021-11-16 08:38:39,615549.880098924,6070235.6636662,"02-fishing"
"319","220006000-3",2021-11-16 08:39:07,615544.005383702,6070243.8629114,"02-fishing"
"320","220006000-3",2021-11-16 08:39:36,615550.9957924,6070259.96205603,"02-fishing"
"321","220006000-3",2021-11-16 08:40:06,615547.626536677,6070328.6773485,"02-fishing"
"322","220006000-3",2021-11-16 08:40:36,615577.79350735,6070382.33160047,"02-fishing"
"323","220006000-3",2021-11-16 08:42:06,615639.529902465,6070505.15156463,"02-fishing"
"324","220006000-3",2021-11-16 08:43:08,615679.051227649,6070605.58217955,"02-fishing"
"325","220006000-3",2021-11-16 08:43:36,615696.879806862,6070650.79392421,"02-fishing"
"326","220006000-3",2021-11-16 08:44:36,615730.467213554,6070734.03947304,"02-fishing"
"327","220006000-3",2021-11-16 08:45:06,615740.194140869,6070771.36183214,"02-fishing"
"328","220006000-3",2021-11-16 08:45:37,615750.337212768,6070820.05053098,"02-fishing"
"329","220006000-3",2021-11-16 08:46:08,615781.090949371,6070858.13529543,"02-fishing"
"330","220006000-3",2021-11-16 08:47:06,615818.06209631,6070914.74935098,"02-fishing"
"331","220006000-3",2021-11-16 08:47:36,615822.958373531,6070967.20008931,"02-fishing"
"332","220006000-3",2021-11-16 08:49:06,615887.890814872,6071082.75843562,"02-fishing"
"333","220006000-3",2021-11-16 08:49:37,615894.968470989,6071132.92742768,"02-fishing"
"334","220006000-3",2021-11-16 08:50:36,615937.570818992,6071223.19765842,"02-fishing"
"335","220006000-3",2021-11-16 08:51:36,615991.724508442,6071282.14771796,"02-fishing"
"336","220006000-3",2021-11-16 08:52:06,616006.71692169,6071332.29786943,"02-fishing"
"337","220006000-3",2021-11-16 08:53:06,616046.535173522,6071423.05435134,"02-fishing"
"338","220006000-3",2021-11-16 08:54:36,616113.231222084,6071537.10326088,"02-fishing"
"339","220006000-3",2021-11-16 08:55:36,616146.1144847,6071622.11572816,"02-fishing"
"340","220006000-3",2021-11-16 08:57:06,616202.304970198,6071759.05232747,"02-fishing"
"341","220006000-3",2021-11-16 08:58:06,616250.879076767,6071821.87003847,"02-fishing"
"342","220006000-3",2021-11-16 08:58:36,616269.692365473,6071853.41629017,"02-fishing"
"343","220006000-3",2021-11-16 08:59:06,616285.048546755,6071899.23509987,"02-fishing"
"344","220006000-3",2021-11-16 09:00:08,616324.761350077,6071976.18683137,"02-fishing"
"345","220006000-3",2021-11-16 09:00:36,616346.14848611,6071995.21951097,"02-fishing"
"346","220006000-3",2021-11-16 09:01:36,616366.217309464,6072090.25703336,"02-fishing"
"347","220006000-3",2021-11-16 09:02:06,616382.337452212,6072136.31864,"02-fishing"
"348","220006000-3",2021-11-16 09:02:36,616401.671231349,6072180.01401505,"02-fishing"
"349","220006000-3",2021-11-16 09:03:35,616444.297302524,6072266.06000654,"02-fishing"
"350","220006000-3",2021-11-16 09:04:06,616465.053816066,6072304.44858164,"02-fishing"
"351","220006000-3",2021-11-16 09:04:36,616481.254358484,6072344.83483786,"02-fishing"
"352","220006000-3",2021-11-16 09:05:05,616483.76930391,6072381.97294287,"02-fishing"
"353","220006000-3",2021-11-16 09:05:36,616491.387066331,6072425.81141834,"02-fishing"
"354","220006000-3",2021-11-16 09:06:08,616504.753050844,6072468.79648689,"02-fishing"
"355","220006000-3",2021-11-16 09:06:36,616511.091011478,6072507.36939549,"02-fishing"
"356","220006000-3",2021-11-16 09:08:05,616569.207068219,6072601.27635408,"02-fishing"
"357","220006000-3",2021-11-16 09:08:38,616589.268049378,6072646.55015081,"02-fishing"
"358","220006000-3",2021-11-16 09:09:06,616603.725336325,6072689.56381515,"02-fishing"
"359","220006000-3",2021-11-16 09:09:36,616613.246056253,6072731.89317647,"02-fishing"
"360","220006000-3",2021-11-16 09:10:06,616635.575410172,6072781.45648694,"02-fishing"
"361","220006000-3",2021-11-16 09:10:35,616651.083441783,6072831.0660614,"02-fishing"
"362","220006000-3",2021-11-16 09:11:05,616659.930630633,6072879.50133351,"02-fishing"
"363","220006000-3",2021-11-16 09:12:06,616709.775256741,6072937.23646949,"02-fishing"
"364","220006000-3",2021-11-16 09:12:36,616739.439475245,6072976.74786047,"02-fishing"
"365","220006000-3",2021-11-16 09:13:05,616750.216920813,6073025.12203211,"02-fishing"
"366","220006000-3",2021-11-16 09:13:35,616754.131982202,6073087.56885828,"02-fishing"
"367","220006000-3",2021-11-16 09:14:06,616781.959597566,6073192.94105514,"02-fishing"
"368","220006000-3",2021-11-16 09:15:07,616871.211353208,6073370.60124576,"02-fishing"
"369","220006000-3",2021-11-16 09:15:36,616925.984799883,6073443.83067699,"02-fishing"
"370","220006000-3",2021-11-16 09:17:05,617103.652387347,6073661.86628493,"02-fishing"
"371","220006000-3",2021-11-16 09:17:35,617163.363077872,6073727.9906683,"02-fishing"
"372","220006000-3",2021-11-16 09:18:05,617183.562807145,6073653.70105069,"02-fishing"
"373","220006000-3",2021-11-16 09:18:35,617192.168007527,6073552.83571426,"02-fishing"
"374","220006000-3",2021-11-16 09:19:05,617201.148208217,6073454.87477063,"02-fishing"
"375","220006000-3",2021-11-16 09:19:36,617212.15661184,6073345.72210353,"02-fishing"
"376","220006000-3",2021-11-16 09:20:05,617194.377251844,6073250.18258444,"02-fishing"
"377","220006000-3",2021-11-16 09:20:37,617133.350519788,6073150.29043099,"02-fishing"
"378","220006000-3",2021-11-16 09:21:05,617084.168290296,6073062.39668725,"02-fishing"
"379","220006000-3",2021-11-16 09:21:36,617028.80627641,6072964.65728616,"02-fishing"
"380","220006000-3",2021-11-16 09:22:05,616979.189191666,6072873.5249747,"02-fishing"
"381","220006000-3",2021-11-16 09:23:07,616871.451838479,6072679.01803663,"02-fishing"
"382","220006000-3",2021-11-16 09:23:35,616822.288588257,6072592.46407926,"02-fishing"
"383","220006000-3",2021-11-16 09:24:05,616770.671602871,6072498.72200045,"02-fishing"
"384","220006000-3",2021-11-16 09:24:35,616719.172327285,6072405.31765021,"02-fishing"
"385","220006000-3",2021-11-16 09:25:36,616619.455987888,6072213.25202308,"02-fishing"
"386","220006000-3",2021-11-16 09:26:35,616517.561904429,6072027.92388298,"02-fishing"
"387","220006000-3",2021-11-16 09:27:05,616464.83831846,6071934.15728992,"02-fishing"
"388","220006000-3",2021-11-16 09:27:35,616416.74828533,6071840.28837837,"02-fishing"
"389","220006000-3",2021-11-16 09:28:05,616365.262163473,6071745.77577839,"02-fishing"
"390","220006000-3",2021-11-16 09:28:35,616316.978957364,6071654.24107086,"02-fishing"
"391","220006000-3",2021-11-16 09:29:07,616261.051870326,6071549.59557437,"02-fishing"
"392","220006000-3",2021-11-16 09:30:04,616162.869578661,6071366.37642791,"02-fishing"
"393","220006000-3",2021-11-16 09:30:34,616111.277954387,6071270.52853431,"02-fishing"
"394","220006000-3",2021-11-16 09:31:05,616052.000421114,6071173.14759217,"02-fishing"
"395","220006000-3",2021-11-16 09:31:35,615996.467700291,6071080.20572183,"02-fishing"
"396","220006000-3",2021-11-16 09:32:04,615951.630693492,6071009.24892587,"02-fishing"
"397","220006000-3",2021-11-16 09:32:34,615931.436440931,6070966.09045858,"02-fishing"
"398","220006000-3",2021-11-16 09:33:04,616035.810539549,6070981.91134326,"02-fishing"
"399","220006000-3",2021-11-16 09:34:34,616401.634542116,6071029.63514822,"02-fishing"
"400","220006000-3",2021-11-16 09:36:34,616892.756132165,6071124.83285395,"02-fishing"
"401","220006000-3",2021-11-16 09:37:05,617020.208413254,6071151.40607891,"02-fishing"
"402","220006000-3",2021-11-16 09:38:07,617273.044962676,6071204.7323872,"02-fishing"
"403","220006000-3",2021-11-16 09:39:34,617625.620565498,6071275.8143906,"02-fishing"
"404","220006000-3",2021-11-16 09:40:34,617835.611008316,6071429.03341473,"02-fishing"
"405","220006000-3",2021-11-16 09:41:04,617897.364159433,6071437.54997268,"02-fishing"
"406","220006000-3",2021-11-16 09:41:34,617897.096881557,6071428.07977509,"02-fishing"
"407","220006000-3",2021-11-16 09:42:04,617919.02804582,6071408.94742331,"02-fishing"
"408","220006000-3",2021-11-16 09:42:34,617903.949307182,6071407.21719491,"02-fishing"
"409","220006000-3",2021-11-16 09:43:34,617878.034424192,6071517.20362801,"02-fishing"
"410","220006000-3",2021-11-16 09:44:04,617875.710982318,6071564.23628251,"02-fishing"
"411","220006000-3",2021-11-16 09:45:06,617882.763040246,6071661.27938073,"02-fishing"
"412","220006000-3",2021-11-16 09:45:36,617887.676405307,6071702.26664251,"02-fishing"
"413","220006000-3",2021-11-16 09:48:04,617893.495167574,6071898.14033679,"02-fishing"
"414","220006000-3",2021-11-16 09:49:03,617901.710735086,6071960.47839603,"02-fishing"
"415","220006000-3",2021-11-16 09:50:04,617897.119284124,6072035.17343803,"02-fishing"
"416","220006000-3",2021-11-16 09:50:35,617897.864380029,6072080.50504678,"02-fishing"
"417","220006000-3",2021-11-16 09:51:03,617903.729813824,6072121.96260252,"02-fishing"
"418","220006000-3",2021-11-16 09:52:03,617915.640976204,6072200.4291917,"02-fishing"
"419","220006000-3",2021-11-16 09:52:34,617921.426602321,6072237.54275371,"02-fishing"
"420","220006000-3",2021-11-16 09:53:03,617919.822749583,6072269.34177494,"02-fishing"
"421","220006000-3",2021-11-16 09:53:33,617917.857228505,6072307.58859828,"02-fishing"
"422","220006000-3",2021-11-16 09:54:34,617942.619932365,6072398.97200061,"02-fishing"
"423","220006000-3",2021-11-16 09:55:03,617954.650944148,6072438.36434084,"02-fishing"
"424","220006000-3",2021-11-16 09:55:33,617956.897019107,6072480.39532456,"02-fishing"
"425","220006000-3",2021-11-16 09:56:33,617955.115082965,6072573.08838065,"02-fishing"
"426","220006000-3",2021-11-16 09:58:03,617984.430773593,6072657.57734917,"02-fishing"
"427","220006000-3",2021-11-16 09:58:33,617987.312992548,6072694.94907596,"02-fishing"
"428","220006000-3",2021-11-16 09:59:03,617980.492963184,6072736.74281817,"02-fishing"
"429","220006000-3",2021-11-16 09:59:33,617972.232365131,6072779.50085706,"02-fishing"
"430","220006000-3",2021-11-16 10:00:03,617966.955827978,6072823.78431998,"02-fishing"
"431","220006000-3",2021-11-16 10:00:35,617963.190360471,6072869.33198723,"02-fishing"
"432","220006000-3",2021-11-16 10:01:03,617972.029294484,6072917.5475042,"02-fishing"
"433","220006000-3",2021-11-16 10:01:34,617990.955457414,6072961.35113642,"02-fishing"
"434","220006000-3",2021-11-16 10:02:04,617995.436009813,6073001.54804483,"02-fishing"
"435","220006000-3",2021-11-16 10:02:32,617992.406167427,6073041.10302144,"02-fishing"
"436","220006000-3",2021-11-16 10:03:07,617992.582952609,6073090.87318232,"02-fishing"
"437","220006000-3",2021-11-16 10:03:35,617992.928413779,6073131.74117917,"02-fishing"
"438","220006000-3",2021-11-16 10:04:03,618001.696221085,6073180.17761106,"02-fishing"
"439","220006000-3",2021-11-16 10:04:34,618006.021136686,6073216.47385093,"02-fishing"
"440","220006000-3",2021-11-16 10:05:03,618006.020848293,6073248.42622306,"02-fishing"
"441","220006000-3",2021-11-16 10:05:32,618003.057934592,6073285.42231499,"02-fishing"
"442","220006000-3",2021-11-16 10:06:03,618022.464454305,6073332.91272437,"02-fishing"
"443","220006000-3",2021-11-16 10:06:34,618025.739641938,6073365.06221732,"02-fishing"
"444","220006000-3",2021-11-16 10:07:03,618025.908691027,6073397.90969681,"02-fishing"
"445","220006000-3",2021-11-16 10:07:34,618021.233258583,6073433.97028126,"02-fishing"
"446","220006000-3",2021-11-16 10:08:02,618014.058410671,6073454.93554628,"02-fishing"
"447","220006000-3",2021-11-16 10:08:33,618022.489151734,6073503.91991419,"02-fishing"
"448","220006000-3",2021-11-16 10:09:03,618033.000212936,6073554.51744907,"02-fishing"
"449","220006000-3",2021-11-16 10:09:33,618039.442893542,6073593.42988261,"02-fishing"
"450","220006000-3",2021-11-16 10:10:02,618039.556186077,6073625.94192195,"02-fishing"
"451","220006000-3",2021-11-16 10:10:32,618032.668799346,6073660.49724299,"02-fishing"
"452","220006000-3",2021-11-16 10:11:03,618030.543251795,6073724.45772643,"02-fishing"
"453","220006000-3",2021-11-16 10:11:34,618032.372207689,6073765.14197818,"02-fishing"
"454","220006000-3",2021-11-16 10:12:03,618028.025828005,6073825.48166202,"02-fishing"
"455","220006000-3",2021-11-16 10:15:32,618739.138862873,6073756.43324969,"02-fishing"
"456","220006000-3",2021-11-16 10:16:04,618853.620043966,6073747.31594209,"02-fishing"
"457","220006000-3",2021-11-16 10:16:33,618920.194438015,6073698.63835446,"02-fishing"
"458","220006000-3",2021-11-16 10:17:02,618914.808871144,6073656.52358174,"02-fishing"
"459","220006000-3",2021-11-16 10:17:33,618915.377499962,6073642.28792515,"02-fishing"
"460","220006000-3",2021-11-16 10:18:03,618943.868237313,6073603.51650009,"02-fishing"
"461","220006000-3",2021-11-16 10:18:33,618925.252495399,6073604.47252887,"02-fishing"
"462","220006000-3",2021-11-16 10:19:03,618907.635158895,6073660.23095299,"02-fishing"
"463","220006000-3",2021-11-16 10:19:34,618900.014305655,6073712.57918349,"02-fishing"
"464","220006000-3",2021-11-16 10:20:02,618901.848612917,6073764.95423216,"02-fishing"
"465","220006000-3",2021-11-16 10:20:34,618908.222865655,6073820.78908486,"02-fishing"
"466","220006000-3",2021-11-16 10:21:02,618914.936551779,6073871.06624895,"02-fishing"
"467","220006000-3",2021-11-16 10:21:32,618919.163773777,6073920.49847828,"02-fishing"
"468","220006000-3",2021-11-16 10:22:02,618914.436759497,6073963.12573491,"02-fishing"
"469","220006000-3",2021-11-16 10:23:02,618919.226389165,6074044.85949512,"02-fishing"
"470","220006000-3",2021-11-16 10:23:32,618923.418364923,6074093.17748737,"02-fishing"
"471","220006000-3",2021-11-16 10:24:03,618919.149463082,6074140.38150668,"02-fishing"
"472","220006000-3",2021-11-16 10:24:33,618911.006888578,6074185.70196136,"02-fishing"
"473","220006000-3",2021-11-16 10:25:04,618922.362087662,6074235.54502569,"02-fishing"
"474","220006000-3",2021-11-16 10:25:32,618931.2120599,6074273.07532409,"02-fishing"
"475","220006000-3",2021-11-16 10:26:02,618931.978255644,6074309.83558219,"02-fishing"
"476","220006000-3",2021-11-16 10:26:32,618936.98341138,6074346.81907868,"02-fishing"
"477","220006000-3",2021-11-16 10:27:03,618936.867334477,6074382.88805264,"02-fishing"
"478","220006000-3",2021-11-16 10:28:01,618926.97302881,6074462.89828118,"02-fishing"
"479","220006000-3",2021-11-16 10:28:31,618923.091164598,6074500.31518664,"02-fishing"
"480","220006000-3",2021-11-16 10:29:02,618924.7592806,6074541.8866047,"02-fishing"
"481","220006000-3",2021-11-16 10:29:32,618927.382899984,6074581.36791547,"02-fishing"
"482","220006000-3",2021-11-16 10:30:01,618933.771812455,6074621.95063822,"02-fishing"
"483","220006000-3",2021-11-16 10:30:32,618946.261948961,6074670.15381422,"02-fishing"
"484","220006000-3",2021-11-16 10:31:02,618957.220776903,6074700.83723693,"02-fishing"
"485","220006000-3",2021-11-16 10:31:32,618954.47899687,6074731.60422633,"02-fishing"
"486","220006000-3",2021-11-16 10:32:02,618954.506909966,6074759.77234943,"02-fishing"
"487","220006000-3",2021-11-16 10:32:33,618949.275713083,6074814.18765194,"02-fishing"
"488","220006000-3",2021-11-16 10:33:02,618951.172050741,6074869.01383647,"02-fishing"
"489","220006000-3",2021-11-16 10:33:32,618948.663521141,6074903.12699907,"02-fishing"
"490","220006000-3",2021-11-16 10:34:02,618946.672056169,6074937.1424837,"02-fishing"
"491","220006000-3",2021-11-16 10:35:01,618943.375829522,6075023.0049643,"02-fishing"
"492","220006000-3",2021-11-16 10:35:31,618946.698979744,6075067.62615412,"02-fishing"
"493","220006000-3",2021-11-16 10:36:01,618944.809600186,6075102.64634401,"02-fishing"
"494","220006000-3",2021-11-16 10:37:02,618940.861973879,6075169.34226144,"02-fishing"
"495","220006000-3",2021-11-16 10:37:31,618933.765423357,6075199.43760905,"02-fishing"
"496","220006000-3",2021-11-16 10:38:01,618926.32857131,6075220.50595813,"02-fishing"
"497","220006000-3",2021-11-16 10:38:31,618915.646187988,6075264.64601668,"02-fishing"
"498","220006000-3",2021-11-16 10:39:31,618896.783911876,6075340.96822829,"02-fishing"
"499","220006000-3",2021-11-16 10:40:01,618887.247256621,6075383.13458221,"02-fishing"
"500","220006000-3",2021-11-16 10:40:33,618877.647685735,6075437.43465385,"02-fishing"
"501","220006000-3",2021-11-16 10:41:03,618876.333119764,6075479.92939166,"02-fishing"
"502","220006000-3",2021-11-16 10:42:31,618852.37245645,6075578.94056905,"02-fishing"
"503","220006000-3",2021-11-16 10:43:03,618849.553485948,6075624.84695286,"02-fishing"
"504","220006000-3",2021-11-16 10:43:31,618845.032014514,6075669.4837405,"02-fishing"
"505","220006000-3",2021-11-16 10:44:30,618842.108509109,6075753.46347083,"02-fishing"
"506","220006000-3",2021-11-16 10:45:33,618833.0905849,6075853.9824266,"02-fishing"
"507","220006000-3",2021-11-16 10:46:02,618833.524881469,6075922.79807859,"02-fishing"
"508","220006000-3",2021-11-16 10:47:00,618893.157026209,6075885.07135632,"02-fishing"
"509","220006000-3",2021-11-16 10:47:31,618894.51888454,6075840.79650175,"02-fishing"
"510","220006000-3",2021-11-16 10:48:00,618897.796145859,6075799.46689769,"02-fishing"
"511","220006000-3",2021-11-16 10:48:31,618904.788655584,6075756.23138675,"02-fishing"
"512","220006000-3",2021-11-16 10:49:00,618909.094055531,6075714.92893766,"02-fishing"
"513","220006000-3",2021-11-16 10:49:32,618911.119174566,6075650.40887711,"02-fishing"
"514","220006000-3",2021-11-16 10:50:00,618909.711355535,6075555.1814232,"02-fishing"
"515","220006000-3",2021-11-16 10:50:31,618908.579828581,6075447.04658107,"02-fishing"
"516","220006000-3",2021-11-16 10:51:01,618912.351110841,6075345.60988688,"02-fishing"
"517","220006000-3",2021-11-16 10:52:01,618924.007484146,6075135.49713943,"02-fishing"
"518","220006000-3",2021-11-16 10:52:32,618933.055719259,6075024.17979687,"02-fishing"
"519","220006000-3",2021-11-16 10:53:00,618939.079070003,6074925.14063017,"02-fishing"
"520","220006000-3",2021-11-16 10:53:31,618945.900889063,6074820.22188351,"02-fishing"
"521","220006000-3",2021-11-16 10:54:00,618954.673993031,6074716.91334848,"02-fishing"
"522","220006000-3",2021-11-16 10:54:30,618964.70442309,6074607.40335817,"02-fishing"
"523","220006000-3",2021-11-16 10:55:00,618971.702378569,6074500.70798042,"02-fishing"
"524","220006000-3",2021-11-16 10:55:30,618980.313149452,6074393.83254556,"02-fishing"
"525","220006000-3",2021-11-16 10:56:00,618987.810592216,6074290.15639904,"02-fishing"
"526","220006000-3",2021-11-16 10:56:30,618996.068864446,6074179.59768841,"02-fishing"
"527","220006000-3",2021-11-16 10:57:00,619000.961155092,6074072.29010259,"02-fishing"
"528","220006000-3",2021-11-16 10:57:32,618998.603036609,6073956.99770868,"02-fishing"
"529","220006000-3",2021-11-16 10:58:00,618998.938864391,6073859.03316424,"02-fishing"
"530","220006000-3",2021-11-16 10:58:30,618997.097048134,6073746.0924553,"02-fishing"
"531","220006000-3",2021-11-16 10:59:00,618997.331485257,6073639.77526673,"02-fishing"
"532","220006000-3",2021-11-16 10:59:30,618996.634179709,6073529.75949387,"02-fishing"
"533","220006000-3",2021-11-16 11:00:01,618995.747770629,6073412.27941732,"02-fishing"
"534","220006000-3",2021-11-16 11:00:32,618994.460369187,6073297.7947785,"02-fishing"
"535","220006000-3",2021-11-16 11:01:01,618990.944696789,6073236.02331275,"02-fishing"
"536","220006000-3",2021-11-16 11:01:30,618966.907613123,6073208.3347878,"02-fishing"
"537","220006000-3",2021-11-16 11:02:00,618859.783794045,6073257.50105313,"02-fishing"
"538","220006000-3",2021-11-16 11:02:30,618739.840454104,6073302.54668761,"02-fishing"
"539","220006000-3",2021-11-16 11:03:00,618613.900655426,6073345.7676036,"02-fishing"
"540","220006000-3",2021-11-16 11:03:30,618483.3993158,6073381.52405171,"02-fishing"
"541","220006000-3",2021-11-16 11:04:00,618373.953363248,6073458.25096404,"02-fishing"
"542","220006000-3",2021-11-16 11:04:32,618248.825712834,6073519.87298735,"02-fishing"
"543","220006000-3",2021-11-16 11:05:01,618202.574240372,6073529.68155776,"02-fishing"
"544","220006000-3",2021-11-16 11:05:30,618199.365917693,6073529.37474322,"02-fishing"
"545","220006000-3",2021-11-16 11:05:59,618218.728521096,6073490.1368941,"02-fishing"
"546","220006000-3",2021-11-16 11:07:00,618192.137113279,6073532.74779338,"02-fishing"
"547","220006000-3",2021-11-16 11:07:29,618179.966653278,6073594.55219182,"02-fishing"
"548","220006000-3",2021-11-16 11:07:59,618181.087757488,6073647.46456612,"02-fishing"
"549","220006000-3",2021-11-16 11:08:59,618158.345372543,6073754.30413248,"02-fishing"
"550","220006000-3",2021-11-16 11:09:29,618153.891576712,6073801.50369848,"02-fishing"
"551","220006000-3",2021-11-16 11:10:59,618143.149277501,6073894.74141402,"02-fishing"
"552","220006000-3",2021-11-16 11:11:31,618143.472212656,6073931.48963774,"02-fishing"
"553","220006000-3",2021-11-16 11:11:59,618139.976326335,6073964.24109653,"02-fishing"
"554","220006000-3",2021-11-16 11:12:59,618123.379348711,6074052.64938626,"02-fishing"
"555","220006000-3",2021-11-16 11:13:31,618113.790064985,6074104.39032937,"02-fishing"
"556","220006000-3",2021-11-16 11:13:59,618109.38271073,6074132.66461018,"02-fishing"
"557","220006000-3",2021-11-16 11:14:29,618108.950080349,6074190.88022471,"02-fishing"
"558","220006000-3",2021-11-16 11:15:01,618108.715843484,6074243.97974459,"02-fishing"
"559","220006000-3",2021-11-16 11:15:29,618102.600161217,6074285.90316271,"02-fishing"
"560","220006000-3",2021-11-16 11:16:00,618096.184077315,6074336.83665658,"02-fishing"
"561","220006000-3",2021-11-16 11:16:29,618093.988660996,6074369.06557372,"02-fishing"
"562","220006000-3",2021-11-16 11:17:01,618090.984215572,6074405.16992878,"02-fishing"
"563","220006000-3",2021-11-16 11:17:29,618092.522342019,6074437.27404746,"02-fishing"
"564","220006000-3",2021-11-16 11:18:00,618091.326218114,6074473.09180757,"02-fishing"
"565","220006000-3",2021-11-16 11:18:58,618100.585030689,6074566.40862526,"02-fishing"
"566","220006000-3",2021-11-16 11:19:59,618119.433618734,6074656.97094455,"02-fishing"
"567","220006000-3",2021-11-16 11:20:28,618119.820463016,6074691.27156511,"02-fishing"
"568","220006000-3",2021-11-16 11:21:29,618022.580791424,6074818.98212257,"02-fishing"
"569","220006000-3",2021-11-16 11:22:01,617919.936172364,6074939.65047297,"02-fishing"
"570","220006000-3",2021-11-16 11:22:58,617732.328973921,6075159.52327642,"02-fishing"
"571","220006000-3",2021-11-16 11:23:28,617629.72467839,6075271.84882373,"02-fishing"
"572","220006000-3",2021-11-16 11:23:59,617525.130156857,6075381.78661546,"02-fishing"
"573","220006000-3",2021-11-16 11:25:00,617312.49517537,6075601.24518182,"02-fishing"
"574","220006000-3",2021-11-16 11:26:00,617106.308499981,6075820.76940799,"02-fishing"
"575","220006000-3",2021-11-16 11:26:29,617005.265661658,6075926.13479984,"02-fishing"
"576","220006000-3",2021-11-16 11:26:59,616901.126193499,6076041.99841905,"02-fishing"
"577","220006000-3",2021-11-16 11:27:29,616801.562689324,6076150.18973934,"02-fishing"
"578","220006000-3",2021-11-16 11:27:58,616697.352361146,6076259.26463783,"02-fishing"
"579","220006000-3",2021-11-16 11:28:29,616591.437523525,6076364.84635189,"02-fishing"
"580","220006000-3",2021-11-16 11:28:59,616488.517059728,6076476.63108926,"02-fishing"
"581","220006000-3",2021-11-16 11:29:30,616380.280315464,6076592.84515553,"02-fishing"
"582","220006000-3",2021-11-16 11:29:59,616282.443860243,6076702.31638303,"02-fishing"
"583","220006000-3",2021-11-16 11:30:29,616181.941062782,6076813.16806245,"02-fishing"
"584","220006000-3",2021-11-16 11:30:59,616091.766982883,6076929.96606728,"02-fishing"
"585","220006000-3",2021-11-16 11:31:31,616038.182877695,6077083.66878839,"02-fishing"
"586","220006000-3",2021-11-16 11:32:01,616016.383244697,6077248.65633016,"02-fishing"
"587","220006000-3",2021-11-16 11:32:29,616038.128583242,6077365.00136003,"02-fishing"
"588","220006000-3",2021-11-16 11:32:58,616038.269695424,6077297.20427789,"02-fishing"
"589","220006000-3",2021-11-16 11:33:30,616016.742950254,6077199.79120893,"02-fishing"
"590","220006000-3",2021-11-16 11:33:58,616002.218712467,6077107.45732379,"02-fishing"
"591","220006000-3",2021-11-16 11:34:29,615989.044357207,6077012.59769008,"02-fishing"
"592","220006000-3",2021-11-16 11:34:58,615975.672057425,6076920.40497803,"02-fishing"
"593","220006000-3",2021-11-16 11:35:28,615966.654974858,6076821.31067676,"02-fishing"
"594","220006000-3",2021-11-16 11:35:59,615956.614807606,6076726.9773076,"02-fishing"
"595","220006000-3",2021-11-16 11:36:29,615948.479991705,6076631.0230995,"02-fishing"
"596","220006000-3",2021-11-16 11:37:29,615925.629320723,6076437.49805477,"02-fishing"
"597","220006000-3",2021-11-16 11:37:57,615913.064278126,6076343.76788668,"02-fishing"
"598","220006000-3",2021-11-16 11:38:29,615899.566819582,6076243.77925706,"02-fishing"
"599","220006000-3",2021-11-16 11:38:57,615879.016834046,6076150.51171363,"02-fishing"
"600","220006000-3",2021-11-16 11:39:29,615855.281224393,6076048.58987236,"02-fishing"
"601","220006000-3",2021-11-16 11:39:58,615835.861172166,6075958.80295223,"02-fishing"
"602","220006000-3",2021-11-16 11:40:27,615815.22834729,6075863.64109191,"02-fishing"
"603","220006000-3",2021-11-16 11:40:57,615794.504527592,6075769.47901143,"02-fishing"
"604","220006000-3",2021-11-16 11:41:27,615771.203914642,6075675.47349155,"02-fishing"
"605","220006000-3",2021-11-16 11:41:57,615749.233030392,6075579.72103107,"02-fishing"
"606","220006000-3",2021-11-16 11:42:28,615725.493398547,6075482.69864261,"02-fishing"
"607","220006000-3",2021-11-16 11:42:58,615700.468868062,6075388.09269761,"02-fishing"
"608","220006000-3",2021-11-16 11:43:29,615678.296214997,6075292.55821887,"02-fishing"
"609","220006000-3",2021-11-16 11:43:58,615657.840213856,6075212.76557731,"02-fishing"
"610","220006000-3",2021-11-16 11:44:29,615645.667019876,6075168.47747387,"02-fishing"
"611","220006000-3",2021-11-16 11:44:58,615621.429795073,6075083.13278711,"02-fishing"
"612","220006000-3",2021-11-16 11:45:27,615597.128662464,6074990.216173,"02-fishing"
"613","220006000-3",2021-11-16 11:45:58,615583.926751381,6074893.24264712,"02-fishing"
"614","220006000-3",2021-11-16 11:46:28,615572.949099361,6074794.76763897,"02-fishing"
"615","220006000-3",2021-11-16 11:46:58,615561.101123722,6074697.60632951,"02-fishing"
"616","220006000-3",2021-11-16 11:47:27,615550.076684641,6074605.92139234,"02-fishing"
"617","220006000-3",2021-11-16 11:47:58,615539.191354443,6074503.77504036,"02-fishing"
"618","220006000-3",2021-11-16 11:48:59,615523.207589417,6074301.96883674,"02-fishing"
"619","220006000-3",2021-11-16 11:49:30,615544.158495254,6074199.7483334,"02-fishing"
"620","220006000-3",2021-11-16 11:49:57,615565.151926323,6074108.4393562,"02-fishing"
"621","220006000-3",2021-11-16 11:50:29,615588.9739891,6074007.18330513,"02-fishing"
"622","220006000-3",2021-11-16 11:50:57,615610.977333321,6073911.66986216,"02-fishing"
"623","220006000-3",2021-11-16 11:51:28,615635.136857097,6073809.86601682,"02-fishing"
"624","220006000-3",2021-11-16 11:51:57,615656.901893063,6073713.67865948,"02-fishing"
"625","220006000-3",2021-11-16 11:52:27,615672.94953505,6073617.23329733,"02-fishing"
"626","220006000-3",2021-11-16 11:52:58,615668.137090129,6073509.0081828,"02-fishing"
"627","220006000-3",2021-11-16 11:53:27,615642.147866641,6073418.83179123,"02-fishing"
"628","220006000-3",2021-11-16 11:53:57,615614.227292504,6073321.14694334,"02-fishing"
"629","220006000-3",2021-11-16 11:54:28,615587.436692175,6073219.48342921,"02-fishing"
"630","220006000-3",2021-11-16 11:54:58,615565.839176924,6073115.94934788,"02-fishing"
"631","220006000-3",2021-11-16 11:55:28,615546.912654516,6073023.61689158,"02-fishing"
"632","220006000-3",2021-11-16 11:56:27,615493.670447303,6072829.31764429,"02-fishing"
"633","220006000-3",2021-11-16 11:56:57,615468.418183626,6072730.14380777,"02-fishing"
"634","220006000-3",2021-11-16 11:57:28,615438.941117396,6072630.0826724,"02-fishing"
"635","220006000-3",2021-11-16 11:57:56,615408.314233452,6072534.66820903,"02-fishing"
"636","220006000-3",2021-11-16 11:58:26,615376.179791974,6072437.7681503,"02-fishing"
"637","220006000-3",2021-11-16 11:59:28,615311.979830351,6072236.06628825,"02-fishing"
"638","220006000-3",2021-11-16 11:59:58,615279.861849336,6072135.82766002,"02-fishing"
"639","220006000-3",2021-11-16 12:00:27,615250.271337645,6072044.89428313,"02-fishing"
"640","220006000-3",2021-11-16 12:00:56,615223.799869362,6071960.27531328,"02-fishing"
"641","220006000-3",2021-11-16 12:01:27,615210.88006014,6071926.99166078,"02-fishing"
"642","220006000-3",2021-11-16 12:01:57,615289.475053412,6071936.01432476,"02-fishing"
"643","220006000-3",2021-11-16 12:02:26,615411.296337893,6071983.32867889,"02-fishing"
"644","220006000-3",2021-11-16 12:03:58,615779.39653158,6072174.90162386,"02-fishing"
"645","220006000-3",2021-11-16 12:04:27,615896.890509529,6072259.97066547,"02-fishing"
"646","220006000-3",2021-11-16 12:04:56,616007.671552025,6072343.20025332,"02-fishing"
"647","220006000-3",2021-11-16 12:05:26,616102.326341816,6072452.84801068,"02-fishing"
"648","220006000-3",2021-11-16 12:05:56,616185.645345993,6072585.25118451,"02-fishing"
"649","220006000-3",2021-11-16 12:06:28,616237.268187044,6072741.55407122,"02-fishing"
"650","220006000-3",2021-11-16 12:06:56,616294.328438414,6072878.9604725,"02-fishing"
"651","220006000-3",2021-11-16 12:07:30,616369.393084316,6072901.93926105,"02-fishing"
"652","220006000-3",2021-11-16 12:07:56,616365.526521094,6072894.71427589,"02-fishing"
"653","220006000-3",2021-11-16 12:08:26,616373.924742388,6072860.97522638,"02-fishing"
"654","220006000-3",2021-11-16 12:08:56,616357.500285415,6072826.81802323,"02-fishing"
"655","220006000-3",2021-11-16 12:09:27,616341.590542517,6072787.6642965,"02-fishing"
"656","220006000-3",2021-11-16 12:10:00,616325.56966319,6072755.29893977,"02-fishing"
"657","220006000-3",2021-11-16 12:10:26,616309.18337979,6072742.07308798,"02-fishing"
"658","220006000-3",2021-11-16 12:10:56,616299.449178171,6072705.41682931,"02-fishing"
"659","220006000-3",2021-11-16 12:11:26,616281.668699793,6072661.42788002,"02-fishing"
"660","220006000-3",2021-11-16 12:12:56,616237.601219701,6072541.50169936,"02-fishing"
"661","220006000-3",2021-11-16 12:13:26,616219.950388144,6072502.41493776,"02-fishing"
"662","220006000-3",2021-11-16 12:13:57,616197.4142397,6072460.64173815,"02-fishing"
"663","220006000-3",2021-11-16 12:14:26,616180.594923582,6072414.22878489,"02-fishing"
"664","220006000-3",2021-11-16 12:14:58,616159.908671148,6072368.05026649,"02-fishing"
"665","220006000-3",2021-11-16 12:15:56,616131.036192786,6072277.46283337,"02-fishing"
"666","220006000-3",2021-11-16 12:16:25,616109.837180129,6072231.1600608,"02-fishing"
"667","220006000-3",2021-11-16 12:16:57,616096.405509426,6072183.05346549,"02-fishing"
"668","220006000-3",2021-11-16 12:17:25,616078.978161747,6072135.17804241,"02-fishing"
"669","220006000-3",2021-11-16 12:17:57,616066.549166393,6072083.08949243,"02-fishing"
"670","220006000-3",2021-11-16 12:18:25,616051.66744365,6072036.28171269,"02-fishing"
"671","220006000-3",2021-11-16 12:18:56,616031.956800902,6071989.57238757,"02-fishing"
"672","220006000-3",2021-11-16 12:19:26,616017.702672612,6071953.35727112,"02-fishing"
"673","220006000-3",2021-11-16 12:19:56,616006.452162322,6071915.43820352,"02-fishing"
"674","220006000-3",2021-11-16 12:20:26,615999.149518963,6071886.638477,"02-fishing"
"675","220006000-3",2021-11-16 12:20:55,615987.120395224,6071873.97138633,"02-fishing"
"676","220006000-3",2021-11-16 12:21:25,615978.351127007,6071852.14777547,"02-fishing"
"677","220006000-3",2021-11-16 12:22:27,615966.313845585,6071819.77510631,"02-fishing"
"678","220006000-3",2021-11-16 12:22:55,615957.582780646,6071803.96435378,"02-fishing"
"679","220006000-3",2021-11-16 12:23:28,615954.805143711,6071786.85941971,"02-fishing"
"680","220006000-3",2021-11-16 12:26:25,615886.426025253,6071648.16562814,"02-fishing"
"681","220006000-3",2021-11-16 12:29:26,615815.340026027,6071516.9739816,"02-fishing"
"682","220006000-3",2021-11-16 12:29:55,615801.871459869,6071490.13158568,"02-fishing"
"683","220006000-3",2021-11-16 12:30:27,615788.672867363,6071465.30010689,"02-fishing"
"684","220006000-3",2021-11-16 12:30:57,615777.023335637,6071440.28578215,"02-fishing"
"685","220006000-3",2021-11-16 12:31:25,615767.760331502,6071412.54951025,"02-fishing"
"686","220006000-3",2021-11-16 12:31:57,615755.440088453,6071381.06090549,"02-fishing"
"687","220006000-3",2021-11-16 12:32:27,615741.38468464,6071351.97706664,"02-fishing"
"688","220006000-3",2021-11-16 12:32:57,615725.661281672,6071325.18840359,"02-fishing"
"689","220006000-3",2021-11-16 12:33:26,615709.892012294,6071300.17990326,"02-fishing"
"690","220006000-3",2021-11-16 12:33:55,615697.349721619,6071274.80892987,"02-fishing"
"691","220006000-3",2021-11-16 12:34:26,615679.410295008,6071244.06706264,"02-fishing"
"692","220006000-3",2021-11-16 12:34:56,615665.137076206,6071223.43897464,"02-fishing"
"693","220006000-3",2021-11-16 12:35:25,615656.240092443,6071193.9310969,"02-fishing"
"694","220006000-3",2021-11-16 12:35:55,615646.454218738,6071168.96496721,"02-fishing"
"695","220006000-3",2021-11-16 12:36:55,615620.032848657,6071115.07198127,"02-fishing"
"696","220006000-3",2021-11-16 12:37:25,615605.045108395,6071084.62878915,"02-fishing"
"697","220006000-3",2021-11-16 12:37:55,615584.860393475,6071056.05640326,"02-fishing"
"698","220006000-3",2021-11-16 12:38:25,615572.476294751,6071024.45543698,"02-fishing"
"699","220006000-3",2021-11-16 12:38:56,615554.656630843,6070996.50045714,"02-fishing"
"700","220006000-3",2021-11-16 12:39:26,615542.725218885,6070964.7998581,"02-fishing"
"701","220006000-3",2021-11-16 12:40:25,615504.314098704,6070901.4715232,"02-fishing"
"702","220006000-3",2021-11-16 12:40:56,615481.190989094,6070861.91413253,"02-fishing"
"703","220006000-3",2021-11-16 12:41:55,615438.232835709,6070800.13996856,"02-fishing"
"704","220006000-3",2021-11-16 12:42:24,615422.351900906,6070766.780063,"02-fishing"
"705","220006000-3",2021-11-16 12:42:57,615396.418758197,6070728.82120707,"02-fishing"
"706","220006000-3",2021-11-16 12:43:26,615371.270741522,6070697.89634825,"02-fishing"
"707","220006000-3",2021-11-16 12:43:55,615347.372967951,6070665.89032101,"02-fishing"
"708","220006000-3",2021-11-16 12:44:27,615325.713709836,6070636.94755487,"02-fishing"
"709","220006000-3",2021-11-16 12:44:56,615313.526238419,6070602.56922982,"02-fishing"
"710","220006000-3",2021-11-16 12:45:25,615297.410139369,6070565.75261856,"02-fishing"
"711","220006000-3",2021-11-16 12:46:24,615266.704594475,6070497.83640323,"02-fishing"
"712","220006000-3",2021-11-16 12:46:56,615244.761366981,6070462.31840689,"02-fishing"
"713","220006000-3",2021-11-16 12:47:54,615208.802129709,6070393.37781351,"02-fishing"
"714","220006000-3",2021-11-16 12:48:25,615190.733603797,6070359.85167019,"02-fishing"
"715","220006000-3",2021-11-16 12:48:54,615173.125456745,6070328.4526171,"02-fishing"
"716","220006000-3",2021-11-16 12:49:24,615154.114168447,6070294.01194358,"02-fishing"
"717","220006000-3",2021-11-16 12:49:54,615134.600188941,6070264.12302461,"02-fishing"
"718","220006000-3",2021-11-16 12:50:25,615111.016187303,6070227.22795453,"02-fishing"
"719","220006000-3",2021-11-16 12:51:24,615073.06154216,6070188.40785556,"02-fishing"
"720","220006000-3",2021-11-16 12:51:55,615053.531366517,6070154.06575944,"02-fishing"
"721","220006000-3",2021-11-16 12:52:25,615032.733299705,6070129.04306251,"02-fishing"
"722","220006000-3",2021-11-16 12:52:55,615013.5640376,6070100.72212617,"02-fishing"
"723","220006000-3",2021-11-16 12:53:24,614997.055875628,6070076.58827619,"02-fishing"
"724","220006000-3",2021-11-16 12:53:55,614983.85682648,6070051.42553817,"02-fishing"
"725","220006000-3",2021-11-16 12:54:26,614967.187371822,6070023.50252144,"02-fishing"
"726","220006000-3",2021-11-16 12:54:54,614950.796849319,6069997.25661405,"02-fishing"
"727","220006000-3",2021-11-16 12:55:54,614929.218623824,6069942.15580186,"02-fishing"
"728","220006000-3",2021-11-16 12:56:26,614915.610610783,6069907.74259399,"02-fishing"
"729","220006000-3",2021-11-16 12:56:54,614897.938307248,6069881.24160836,"02-fishing"
"730","220006000-3",2021-11-16 12:57:26,614878.495568557,6069853.47100899,"02-fishing"
"731","220006000-3",2021-11-16 12:57:53,614864.929761649,6069824.95947938,"02-fishing"
"732","220006000-3",2021-11-16 12:58:23,614847.746809482,6069796.91257332,"02-fishing"
"733","220006000-3",2021-11-16 12:58:54,614832.999916536,6069769.26172376,"02-fishing"
"734","220006000-3",2021-11-16 12:59:55,614809.27761631,6069709.76522163,"02-fishing"
"735","220006000-3",2021-11-16 13:00:24,614795.044873758,6069682.12760163,"02-fishing"
"736","220006000-3",2021-11-16 13:00:54,614783.423573378,6069658.11897706,"02-fishing"
"737","220006000-3",2021-11-16 13:01:53,614758.266174088,6069594.24448302,"02-fishing"
"738","220006000-3",2021-11-16 13:02:53,614732.893859559,6069516.0033201,"02-fishing"
"739","220006000-3",2021-11-16 13:03:25,614718.866441726,6069480.24423029,"02-fishing"
"740","220006000-3",2021-11-16 13:03:54,614711.885869906,6069443.3283773,"02-fishing"
"741","220006000-3",2021-11-16 13:04:23,614695.25892404,6069408.50525814,"02-fishing"
"742","220006000-3",2021-11-16 13:04:53,614683.056467401,6069376.91184524,"02-fishing"
"743","220006000-3",2021-11-16 13:05:23,614671.611225538,6069358.58579714,"02-fishing"
"744","220006000-3",2021-11-16 13:05:53,614667.020768342,6069336.53745581,"02-fishing"
"745","220006000-3",2021-11-16 13:06:24,614674.364275162,6069336.39006783,"02-fishing"
"746","220006000-3",2021-11-16 13:06:55,614670.606297769,6069339.85708631,"02-fishing"
"747","220006000-3",2021-11-16 13:07:23,614666.587453339,6069345.98936145,"02-fishing"
"748","220006000-3",2021-11-16 13:07:54,614663.786816733,6069347.25414195,"02-fishing"
"749","220006000-3",2021-11-16 13:09:23,614621.903308038,6069399.29378313,"02-fishing"
"750","220006000-3",2021-11-16 13:09:53,614607.051242282,6069466.93821316,"02-fishing"
"751","220006000-3",2021-11-16 13:11:23,614731.670723293,6069883.13377726,"02-fishing"
"752","220006000-3",2021-11-16 13:11:53,614775.286580927,6070026.07573622,"02-fishing"
"753","220006000-3",2021-11-16 13:13:24,614938.558727379,6070472.54165865,"02-fishing"
"754","220006000-3",2021-11-16 13:14:24,615054.019882582,6070753.2508665,"02-fishing"
"755","220006000-3",2021-11-16 13:14:55,615130.015828334,6070897.69121316,"02-fishing"
"756","220006000-3",2021-11-16 13:15:24,615207.925717601,6071019.91609795,"02-fishing"
"757","220006000-3",2021-11-16 13:15:53,615289.318551766,6071141.67489706,"02-fishing"
"758","220006000-3",2021-11-16 13:16:22,615371.163296258,6071268.23408287,"02-fishing"
"759","220006000-3",2021-11-16 13:16:52,615454.47109248,6071395.27772834,"02-fishing"
"760","220006000-3",2021-11-16 13:17:23,615536.988396775,6071527.86934757,"02-fishing"
"761","220006000-3",2021-11-16 13:17:53,615615.926054749,6071651.79851933,"02-fishing"
"762","220006000-3",2021-11-16 13:18:23,615696.83863911,6071781.34642816,"02-fishing"
"763","220006000-3",2021-11-16 13:18:53,615784.212716821,6071912.17521011,"02-fishing"
"764","220006000-3",2021-11-16 13:19:23,615870.829974168,6072037.19729365,"02-fishing"
"765","220006000-3",2021-11-16 13:19:54,615957.449191056,6072169.45776157,"02-fishing"
"766","220006000-3",2021-11-16 13:20:23,616044.10299726,6072277.67366674,"02-fishing"
"767","220006000-3",2021-11-16 13:20:53,616160.489795342,6072355.48490419,"02-fishing"
"768","220006000-3",2021-11-16 13:21:53,616360.121604262,6072563.25469835,"02-fishing"
"769","220006000-3",2021-11-16 13:22:22,616444.311400536,6072683.9957926,"02-fishing"
"770","220006000-3",2021-11-16 13:23:22,616641.677365097,6072901.18381884,"02-fishing"
"771","220006000-3",2021-11-16 13:23:54,616734.889956443,6072985.98184221,"02-fishing"
"772","220006000-3",2021-11-16 13:24:23,616736.820647915,6072903.98085255,"02-fishing"
"773","220006000-3",2021-11-16 13:24:52,616688.626913225,6072807.32231094,"02-fishing"
"774","220006000-3",2021-11-16 13:25:22,616639.542391637,6072710.19600684,"02-fishing"
"775","220006000-3",2021-11-16 13:25:52,616590.160060606,6072612.06065426,"02-fishing"
"776","220006000-3",2021-11-16 13:26:22,616540.688159047,6072514.8142722,"02-fishing"
"777","220006000-3",2021-11-16 13:26:52,616492.844478634,6072416.71995791,"02-fishing"
"778","220006000-3",2021-11-16 13:27:22,616437.45249905,6072319.32193771,"02-fishing"
"779","220006000-3",2021-11-16 13:28:23,616331.237456816,6072129.21069612,"02-fishing"
"780","220006000-3",2021-11-16 13:28:53,616277.360173672,6072030.18408262,"02-fishing"
"781","220006000-3",2021-11-16 13:29:23,616227.248190289,6071937.26711684,"02-fishing"
"782","220006000-3",2021-11-16 13:29:53,616174.390535404,6071840.9401505,"02-fishing"
"783","220006000-3",2021-11-16 13:30:22,616122.18505963,6071744.18537955,"02-fishing"
"784","220006000-3",2021-11-16 13:30:54,616069.755917361,6071643.52900098,"02-fishing"
"785","220006000-3",2021-11-16 13:31:23,616020.879755331,6071549.75588442,"02-fishing"
"786","220006000-3",2021-11-16 13:32:24,615914.787497176,6071353.42474238,"02-fishing"
"787","220006000-3",2021-11-16 13:32:52,615866.039001396,6071259.43421411,"02-fishing"
"788","220006000-3",2021-11-16 13:33:23,615811.561275296,6071160.39867208,"02-fishing"
"789","220006000-3",2021-11-16 13:34:23,615704.533808162,6070967.16651986,"02-fishing"
"790","220006000-3",2021-11-16 13:34:53,615650.026132136,6070874.03294938,"02-fishing"
"791","220006000-3",2021-11-16 13:35:22,615595.663116382,6070777.6752875,"02-fishing"
"792","220006000-3",2021-11-16 13:35:53,615537.901156458,6070678.22542856,"02-fishing"
"793","220006000-3",2021-11-16 13:36:23,615485.719031155,6070584.48573955,"02-fishing"
"794","220006000-3",2021-11-16 13:37:22,615377.507646527,6070391.120947,"02-fishing"
"795","220006000-3",2021-11-16 13:37:53,615321.387062782,6070295.05614956,"02-fishing"
"796","220006000-3",2021-11-16 13:38:21,615268.602421712,6070201.86061586,"02-fishing"
"797","220006000-3",2021-11-16 13:38:52,615213.909304551,6070105.16585886,"02-fishing"
"798","220006000-3",2021-11-16 13:39:22,615159.102111822,6070007.80098367,"02-fishing"
"799","220006000-3",2021-11-16 13:39:52,615114.841307396,6069938.53817627,"02-fishing"
"800","220006000-3",2021-11-16 13:40:52,615079.392223884,6070116.87348054,"03-sailing"
"801","220006000-3",2021-11-16 13:41:21,615118.273862287,6070258.13994762,"03-sailing"
"802","220006000-3",2021-11-16 13:41:51,615153.796288977,6070407.33682173,"03-sailing"
"803","220006000-3",2021-11-16 13:42:51,615223.573068443,6070709.70725003,"03-sailing"
"804","220006000-3",2021-11-16 13:43:21,615254.18389067,6070861.89705061,"03-sailing"
"805","220006000-3",2021-11-16 13:43:52,615279.810283141,6071017.63364436,"03-sailing"
"806","220006000-3",2021-11-16 13:44:52,615331.277020453,6071330.5603487,"03-sailing"
"807","220006000-3",2021-11-16 13:45:21,615359.654540766,6071479.13166665,"03-sailing"
"808","220006000-3",2021-11-16 13:45:53,615391.34704641,6071643.93088063,"03-sailing"
"809","220006000-3",2021-11-16 13:46:21,615418.214808456,6071788.45629659,"03-sailing"
"810","220006000-3",2021-11-16 13:46:52,615446.857957543,6071946.49831755,"03-sailing"
"811","220006000-3",2021-11-16 13:47:23,615469.516497328,6072114.51837031,"03-sailing"
"812","220006000-3",2021-11-16 13:47:51,615483.195099963,6072261.26729867,"03-sailing"
"813","220006000-3",2021-11-16 13:49:21,615529.508956356,6072731.26376996,"03-sailing"
"814","220006000-3",2021-11-16 13:49:51,615546.229284395,6072894.6793094,"03-sailing"
"815","220006000-3",2021-11-16 13:50:51,615580.237685132,6073211.72836809,"03-sailing"
"816","220006000-3",2021-11-16 13:51:51,615620.036630887,6073523.47142009,"03-sailing"
"817","220006000-3",2021-11-16 13:52:21,615638.981603249,6073687.61282195,"03-sailing"
"818","220006000-3",2021-11-16 13:52:51,615661.304353731,6073845.38394874,"03-sailing"
"819","220006000-3",2021-11-16 13:53:21,615684.522199855,6074003.2895994,"03-sailing"
"820","220006000-3",2021-11-16 13:54:21,615726.228769689,6074315.1948659,"03-sailing"
"821","220006000-3",2021-11-16 13:54:51,615748.693808453,6074479.65031012,"03-sailing"
"822","220006000-3",2021-11-16 13:55:22,615772.06241259,6074638.89666402,"03-sailing"
"823","220006000-3",2021-11-16 13:55:50,615793.822559772,6074793.0920262,"03-sailing"
"824","220006000-3",2021-11-16 13:56:20,615813.551360757,6074953.69253559,"03-sailing"
"825","220006000-3",2021-11-16 13:56:50,615834.516501752,6075113.65704038,"03-sailing"
"826","220006000-3",2021-11-16 13:57:22,615859.980158779,6075283.64589104,"03-sailing"
"827","220006000-3",2021-11-16 13:58:22,615915.208483353,6075601.13494593,"03-sailing"
"828","220006000-3",2021-11-16 13:59:23,615970.930146242,6075919.08317737,"03-sailing"
"829","220006000-3",2021-11-16 13:59:50,615996.558469286,6076067.25677967,"03-sailing"
"830","220006000-3",2021-11-16 14:00:21,616025.886464839,6076231.4462994,"03-sailing"
"831","220006000-3",2021-11-16 14:00:50,616054.696282595,6076385.71431601,"03-sailing"
"832","220006000-3",2021-11-16 14:01:22,616083.546728589,6076550.7828,"03-sailing"
"833","220006000-3",2021-11-16 14:01:53,616114.383166553,6076716.01415172,"03-sailing"
"834","220006000-3",2021-11-16 14:02:20,616139.787789125,6076864.9626743,"03-sailing"
"835","220006000-3",2021-11-16 14:02:52,616169.439383156,6077036.06464213,"03-sailing"
"836","220006000-3",2021-11-16 14:03:20,616193.657711857,6077185.98505446,"03-sailing"
"837","220006000-3",2021-11-16 14:03:53,616222.063104657,6077362.84468419,"03-sailing"
"838","220006000-3",2021-11-16 14:04:20,616246.610723616,6077507.31886167,"03-sailing"
"839","220006000-3",2021-11-16 14:04:50,616272.763225673,6077669.2024496,"03-sailing"
"840","220006000-3",2021-11-16 14:05:22,616300.906272202,6077836.03633894,"03-sailing"
"841","220006000-3",2021-11-16 14:06:21,616351.312656795,6078155.74785816,"03-sailing"
"842","220006000-3",2021-11-16 14:06:51,616378.261095803,6078323.77635646,"03-sailing"
"843","220006000-3",2021-11-16 14:07:20,616399.247349704,6078476.28709992,"03-sailing"
"844","220006000-3",2021-11-16 14:08:24,616462.465653173,6078819.15531613,"03-sailing"
"845","220006000-3",2021-11-16 14:08:50,616488.170525473,6078962.88241018,"03-sailing"
"846","220006000-3",2021-11-16 14:09:20,616514.933550401,6079117.77036073,"03-sailing"
"847","220006000-3",2021-11-16 14:09:50,616542.103690163,6079284.13633527,"03-sailing"
"848","220006000-3",2021-11-16 14:10:20,616565.873157508,6079445.29318475,"03-sailing"
"849","220006000-3",2021-11-16 14:10:50,616587.397319192,6079608.73004056,"03-sailing"
"850","220006000-3",2021-11-16 14:11:20,616611.909955915,6079770.79727555,"03-sailing"
"851","220006000-3",2021-11-16 14:11:50,616635.52177416,6079932.84139311,"03-sailing"
"852","220006000-3",2021-11-16 14:12:51,616678.907319325,6080263.5106802,"03-sailing"
"853","220006000-3",2021-11-16 14:13:21,616701.674410974,6080420.74625826,"03-sailing"
"854","220006000-3",2021-11-16 14:13:51,616726.363412542,6080583.04191459,"03-sailing"
"855","220006000-3",2021-11-16 14:14:52,616785.840331531,6080909.23230742,"03-sailing"
"856","220006000-3",2021-11-16 14:15:20,616814.873138637,6081064.73903225,"03-sailing"
"857","220006000-3",2021-11-16 14:15:50,616846.420811825,6081219.75477145,"03-sailing"
"858","220006000-3",2021-11-16 14:16:22,616878.538503512,6081392.26492972,"03-sailing"
"859","220006000-3",2021-11-16 14:16:49,616907.877981134,6081543.10462242,"03-sailing"
"860","220006000-3",2021-11-16 14:17:19,616938.206123466,6081705.21497072,"03-sailing"
"861","220006000-3",2021-11-16 14:17:50,616969.772466396,6081873.92652636,"03-sailing"
"862","220006000-3",2021-11-16 14:18:19,617002.631584403,6082029.86880217,"03-sailing"
"863","220006000-3",2021-11-16 14:18:49,617039.624487006,6082192.15376788,"03-sailing"
"864","220006000-3",2021-11-16 14:19:21,617077.951578159,6082364.71660235,"03-sailing"
"865","220006000-3",2021-11-16 14:19:50,617118.267426291,6082519.96377986,"03-sailing"
"866","220006000-3",2021-11-16 14:20:19,617153.94087374,6082675.86974636,"03-sailing"
"867","220006000-3",2021-11-16 14:20:51,617190.397335482,6082843.48656342,"03-sailing"
"868","220006000-3",2021-11-16 14:21:50,617263.416591479,6083169.37230548,"03-sailing"
"869","220006000-3",2021-11-16 14:22:20,617298.492432874,6083325.59838765,"03-sailing"
"870","220006000-3",2021-11-16 14:22:51,617338.58732052,6083498.43337248,"03-sailing"
"871","220006000-3",2021-11-16 14:23:19,617369.06818736,6083650.97757447,"03-sailing"
"872","220006000-3",2021-11-16 14:23:50,617398.188780458,6083813.72925293,"03-sailing"
"873","220006000-3",2021-11-16 14:24:19,617426.024210298,6083976.44764375,"03-sailing"
"874","220006000-3",2021-11-16 14:24:50,617451.61287037,6084144.00625814,"03-sailing"
"875","220006000-3",2021-11-16 14:25:20,617478.907141935,6084305.15239384,"03-sailing"
"876","220006000-3",2021-11-16 14:25:50,617501.048400245,6084462.04461001,"03-sailing"
"877","220006000-3",2021-11-16 14:26:51,617544.663808174,6084788.83830058,"03-sailing"
"878","220006000-3",2021-11-16 14:27:19,617562.628554068,6084943.2837674,"03-sailing"
"879","220006000-3",2021-11-16 14:27:49,617581.836206124,6085101.65864549,"03-sailing"
"880","220006000-3",2021-11-16 14:28:19,617600.159110528,6085254.5551457,"03-sailing"
"881","220006000-3",2021-11-16 14:28:50,617617.734260147,6085421.23766782,"03-sailing"
"882","220006000-3",2021-11-16 14:29:19,617630.948439061,6085568.21122511,"03-sailing"
"883","220006000-3",2021-11-16 14:29:49,617649.770711985,6085728.8033489,"03-sailing"
"884","220006000-3",2021-11-16 14:30:18,617663.215313513,6085879.12322761,"03-sailing"
"885","220006000-3",2021-11-16 14:30:49,617679.015817923,6086034.96038388,"03-sailing"
"886","220006000-3",2021-11-16 14:31:21,617692.588165988,6086207.21675142,"03-sailing"
"887","220006000-3",2021-11-16 14:32:18,617719.617186882,6086502.1829534,"03-sailing"
"888","220006000-3",2021-11-16 14:32:49,617730.954247961,6086664.13825945,"03-sailing"
"889","220006000-3",2021-11-16 14:33:18,617743.546400554,6086814.88180569,"03-sailing"
"890","220006000-3",2021-11-16 14:33:49,617757.413055983,6086970.7803082,"03-sailing"
"891","220006000-3",2021-11-16 14:34:19,617770.36087143,6087124.98479042,"03-sailing"
"892","220006000-3",2021-11-16 14:34:49,617785.669900013,6087279.58538579,"03-sailing"
"893","220006000-3",2021-11-16 14:35:18,617798.967724666,6087432.57461197,"03-sailing"
"894","220006000-3",2021-11-16 14:35:52,617807.410352998,6087599.4646306,"03-sailing"
"895","220006000-3",2021-11-16 14:36:49,617799.621459091,6087878.93335696,"03-sailing"
"896","220006000-3",2021-11-16 14:37:22,617794.775268584,6088043.91579937,"03-sailing"
"897","220006000-3",2021-11-16 14:37:49,617791.068487951,6088167.95693262,"03-sailing"
"898","220006000-3",2021-11-16 14:38:48,617779.571537022,6088451.89322384,"03-sailing"
"899","220006000-3",2021-11-16 14:39:20,617772.464476865,6088595.55142116,"03-sailing"
"900","220006000-3",2021-11-16 14:39:48,617707.371776247,6088703.72988557,"03-sailing"
"901","220006000-3",2021-11-16 14:40:18,617613.23262776,6088792.66557711,"03-sailing"
